COUNTY_CODE,LANE_TYPE,RURAL_URBAN,ROAD_MILES,TRAVEL_MVM,TOTAL_CRASHES,PDO_CRASHES,INJURY_CRASHES,FATAL_CRASHES,VICTIM_KILLED,VICTIM_INJURED,TOTAL_CRASH_RATE,FATAL_INJURY_CRASH_RATE,FATALITY_RATE,COUNTY,BICYCLE_FATALITIES,BICYCLE_INJURIES,PEDESTRIAN_FATALITIES,PEDESTRIAN_INJURIES
ALA,TOTAL,COUNTYWIDE,194.8,8617,9453,6494,2915,44,46,3952,1.097017523500058,0.3433909713357317,0.533828478588836,Alameda,1,26,7,65
ALP,TOTAL,COUNTYWIDE,82.7,97.1,63,26,36,1,1,51,0.6488156539649846,0.38105046343975285,1.0298661174047374,Alpine,0,2,0,1
AMA,TOTAL,COUNTYWIDE,125.7,281.1,196,96,96,4,4,138,0.6972607612949128,0.3557452863749555,1.422981145499822,Amador,0,1,0,2
BUT,TOTAL,COUNTYWIDE,181.8,718.7,545,313,223,9,10,318,0.7583136218171699,0.322805064700153,1.3914011409489355,Butte,0,2,3,8
CAL,TOTAL,COUNTYWIDE,150.2,266.9,330,191,132,7,9,190,1.2364181341326341,0.5207943049831398,3.3720494567253656,Calaveras,0,1,1,4
CC,TOTAL,COUNTYWIDE,111.6,4747.9,4385,2910,1453,22,23,2047,0.9235662082183703,0.3106636618294404,0.4844246930221782,Contra Costa,2,5,8,22
COL,TOTAL,COUNTYWIDE,114.8,436.9,193,98,90,5,6,130,0.44174868390936145,0.21744106202792401,1.3733119707026782,Colusa,0,0,0,1
DN,TOTAL,COUNTYWIDE,91.4,182.5,170,92,74,4,4,112,0.9315068493150684,0.4273972602739726,2.191780821917808,Del Norte,1,1,0,2
ED,TOTAL,COUNTYWIDE,172.1,815.3,760,462,294,4,5,415,0.9321722065497363,0.36550962835765977,0.6132711885195634,El Dorado,0,11,0,9
FRE,TOTAL,COUNTYWIDE,518.2,3925.6,2961,1961,968,32,36,1477,0.7542796005706134,0.2547381292031791,0.9170572651314448,Fresno,1,5,3,31
GLE,TOTAL,COUNTYWIDE,110.2,315.7,148,81,65,2,2,94,0.4687994931897371,0.21222679759265126,0.6335128286347799,Glenn,0,0,2,2
HUM,TOTAL,COUNTYWIDE,335.7,788.5,613,380,223,10,13,315,0.777425491439442,0.29549778059606846,1.6487000634115407,Humboldt,0,5,1,6
IMP,TOTAL,COUNTYWIDE,408.4,1599,465,225,230,10,11,346,0.29080675422138835,0.150093808630394,0.6879299562226392,Imperial,0,2,1,4
INY,TOTAL,COUNTYWIDE,424.4,425,204,124,69,11,14,96,0.48,0.18823529411764706,3.294117647058824,Inyo,2,4,0,2
KER,TOTAL,COUNTYWIDE,845.6,5299,2794,1747,983,64,71,1465,0.5272692960936025,0.19758444989620683,1.339875448197773,Kern,3,3,14,27
KIN,TOTAL,COUNTYWIDE,156.7,950.8,391,224,160,7,7,228,0.41123264619267985,0.17564156499789652,0.736222128733698,Kings,0,2,1,4
LA,TOTAL,COUNTYWIDE,831.7,38389.2,41235,27470,13566,199,218,19925,1.0741302241255355,0.3585643879007638,0.5678680462213331,Los Angeles,0,88,84,273
LAK,TOTAL,COUNTYWIDE,135.8,395.7,415,254,145,16,17,211,1.0487743239828153,0.4068738943644175,4.29618397776093,Lake,1,2,6,5
LAS,TOTAL,COUNTYWIDE,303.3,266.1,226,134,90,2,3,129,0.8493047726418639,0.34573468620819237,1.1273957158962795,Lassen,0,0,0,2
MAD,TOTAL,COUNTYWIDE,130.6,1224.9,800,496,290,14,14,459,0.6531145399624458,0.24818352518572942,1.1429504449342802,Madera,0,4,4,8
MEN,TOTAL,COUNTYWIDE,385.5,703.1,652,456,186,10,10,243,0.9273218603328118,0.27876546721661216,1.4222727919214906,Mendocino,0,5,1,6
MER,TOTAL,COUNTYWIDE,256.8,1961.2,1331,815,499,17,20,843,0.6786661227819702,0.26310422190495614,1.0197838058331634,Merced,0,5,4,13
MNO,TOTAL,COUNTYWIDE,314.7,273.3,234,156,73,5,6,117,0.8562019758507134,0.2854006586169045,2.195389681668496,Mono,0,1,0,0
MOD,TOTAL,COUNTYWIDE,177.6,73.7,67,44,20,3,3,27,0.9090909090909091,0.31207598371777473,4.070556309362279,Modoc,1,0,0,0
MON,TOTAL,COUNTYWIDE,285.3,2285.2,1645,1108,515,22,23,712,0.7198494661298793,0.23499037283388766,1.0064764572028708,Monterey,0,5,8,15
MPA,TOTAL,COUNTYWIDE,117.1,122.3,122,69,51,2,2,84,0.9975470155355683,0.4333605887162715,1.6353229762878168,Mariposa,0,0,0,0
MRN,TOTAL,COUNTYWIDE,90.4,1477,986,601,380,5,5,508,0.6675693974272173,0.26066350710900477,0.3385240352064997,Marin,0,6,0,3
NAP,TOTAL,COUNTYWIDE,112.2,746.9,660,404,251,5,5,344,0.8836524300441827,0.342750033471683,0.6694336591243808,Napa,0,10,1,6
NEV,TOTAL,COUNTYWIDE,127.9,740.1,638,410,222,6,6,314,0.8620456695041211,0.3080664775030401,0.8107012565869477,Nevada,0,2,0,3
ORA,TOTAL,COUNTYWIDE,275.6,11240.4,10702,6842,3800,60,63,5310,0.9521013487064518,0.3434041493185296,0.5604782747944913,Orange,1,86,19,104
PLA,TOTAL,COUNTYWIDE,153.8,1924.6,1419,914,491,14,14,683,0.7372960615192767,0.2623921853891718,0.7274238802868128,Placer,1,3,2,10
PLU,TOTAL,COUNTYWIDE,181.7,148.8,154,96,57,1,1,82,1.0349462365591398,0.3897849462365591,0.6720430107526881,Plumas,0,0,0,1
RIV,TOTAL,COUNTYWIDE,629.4,12638.5,9415,6149,3164,102,106,4528,0.7449459983384105,0.2584167424931756,0.8387071250543973,Riverside,0,15,24,60
SAC,TOTAL,COUNTYWIDE,210.8,5660,4891,3224,1621,46,47,2300,0.8641342756183745,0.2945229681978799,0.8303886925795053,Sacramento,0,12,17,31
SB,TOTAL,COUNTYWIDE,294,2257.7,1793,1071,700,22,22,1040,0.7941710590423884,0.31979448110909336,0.9744430172299243,Santa Barbara,0,19,3,12
SBD,TOTAL,COUNTYWIDE,1193.8,14319.6,9699,6195,3387,117,137,4883,0.6773233889214783,0.24469957261376016,0.9567306349339367,San Bernardino,0,18,25,85
SBT,TOTAL,COUNTYWIDE,87.7,358.3,379,222,151,6,6,219,1.0577728160759141,0.4381802958414736,1.6745743790120011,San Benito,0,1,0,3
SCL,TOTAL,COUNTYWIDE,252.3,7970.5,7481,5028,2416,37,40,3288,0.9385860360077787,0.30775986450034504,0.5018505739915939,Santa Clara,2,21,15,39
SCR,TOTAL,COUNTYWIDE,123.2,983.5,1018,621,391,6,6,524,1.0350788002033553,0.4036603965429588,0.6100660904931368,Santa Cruz,1,15,1,10
SD,TOTAL,COUNTYWIDE,615.3,16606.3,10876,6232,4515,129,143,6432,0.6549321642990913,0.2796529028139923,0.8611189729199159,San Diego,5,34,40,110
SF,TOTAL,COUNTYWIDE,33.5,1237.2,1884,1328,546,10,12,745,1.5227934044616875,0.44940187520206915,0.9699321047526672,San Francisco,1,4,4,19
SHA,TOTAL,COUNTYWIDE,310.5,1129.5,577,331,233,13,15,338,0.5108455068614431,0.21779548472775564,1.3280212483399734,Shasta,0,4,3,11
SIE,TOTAL,COUNTYWIDE,97.6,69.7,47,28,18,1,1,24,0.6743185078909613,0.27259684361549497,1.4347202295552368,Sierra,0,0,0,0
SIS,TOTAL,COUNTYWIDE,349.4,609.3,331,222,102,7,7,178,0.5432463482685049,0.17889381257180373,1.1488593467914001,Siskiyou,0,2,0,0
SJ,TOTAL,COUNTYWIDE,261.1,4466.1,3383,2048,1280,55,63,1925,0.7574841584380108,0.2989185195136696,1.4106267213004633,San Joaquin,2,12,13,28
SLO,TOTAL,COUNTYWIDE,357.8,2035.1,1323,901,407,15,19,598,0.6500909046238514,0.20736081765023834,0.9336150557712152,San Luis Obispo,0,8,2,7
SM,TOTAL,COUNTYWIDE,212.2,4648.5,3200,1976,1204,20,23,1609,0.6883941056254705,0.2633107454017425,0.494783263418307,San Mateo,0,24,8,20
SOL,TOTAL,COUNTYWIDE,158.6,3567.8,2328,1619,696,13,14,980,0.6525029429900779,0.1987219014518751,0.39239867705588877,Solano,0,2,2,21
SON,TOTAL,COUNTYWIDE,238.2,2242.3,1542,976,560,6,6,740,0.687686750211836,0.2524193908040851,0.26758239307853543,Sonoma,0,12,1,17
STA,TOTAL,COUNTYWIDE,180.8,2073.9,1826,1042,755,29,30,1140,0.8804667534596653,0.3780317276628574,1.4465499783017504,Stanislaus,1,23,10,28
SUT,TOTAL,COUNTYWIDE,82.9,553.3,374,186,180,8,12,295,0.6759443339960239,0.3397795047894452,2.1688053497198627,Sutter,0,5,0,3
TEH,TOTAL,COUNTYWIDE,205.9,678.9,274,172,93,9,10,131,0.40359404919723085,0.15024304021210783,1.4729709824716453,Tehama,0,0,3,7
TRI,TOTAL,COUNTYWIDE,200.6,114.7,208,133,71,4,4,80,1.8134263295553619,0.6538796861377506,3.4873583260680032,Trinity,0,1,0,0
TUL,TOTAL,COUNTYWIDE,350.6,2156.8,1675,1081,572,22,24,903,0.7766135014836795,0.2754080118694362,1.1127596439169138,Tulare,1,9,2,15
TUO,TOTAL,COUNTYWIDE,151.4,298,325,190,131,4,4,186,1.0906040268456376,0.45302013422818793,1.342281879194631,Tuolumne,0,0,0,1
VEN,TOTAL,COUNTYWIDE,262.8,3602,2449,1460,963,26,30,1401,0.6799000555247084,0.27456968350916156,0.8328706274292059,Ventura,1,29,9,15
YOL,TOTAL,COUNTYWIDE,168.5,1350.1,1036,634,395,7,7,595,0.7673505666246945,0.29775572179838533,0.518480112584253,Yolo,1,3,2,4
YUB,TOTAL,COUNTYWIDE,64.4,427.7,297,157,134,6,7,182,0.6944119710077157,0.32733224222585927,1.6366612111292964,Yuba,0,5,1,5
